<?xml version="1.0" encoding="UTF-8"?>
<beans xmlns="http://www.springframework.org/schema/beans"
	xmlns:xsi="http://www.w3.org/2001/XMLSchema-instance" xmlns:context="http://www.springframework.org/schema/context"
	xsi:schemaLocation="http://www.springframework.org/schema/beans
http://www.springframework.org/schema/beans/spring-beans.xsd
http://www.springframework.org/schema/context
http://www.springframework.org/schema/context/spring-context.xsd">

	<context:component-scan base-package="com.lti" />
 	<bean id="jdbcTemplate" class="org.springframework.jdbc.core.JdbcTemplate" 
		scope="singleton" lazy-init="default"> 
		<property name="dataSource" ref="dataSource" /> 
	</bean> 
 	<bean id="dataSource" 
 		class="org.springframework.jdbc.datasource.DriverManagerDataSource"
 		scope="singleton"> 
		<property name="driverClassName" value="oracle.jdbc.driver.OracleDriver" /> 
	<property name="url" value="jdbc:oracle:thin:@localhost:1521:XE" /> 
		<property name="username" value="hr" /> 
		<property name="password" value="hr" /> 
 	</bean> 
	<bean id="viewResolver" 
		class="org.springframework.web.servlet.view.InternalResourceViewResolver"> 
		<property name="prefix" value="WEB-INF/pages/" /> 
		<property name="suffix" value=".jsp" /> 
 	</bean> 

</beans>